timestamp,zone,temperature_c,humidity_pct,condition,wind_speed_kmh,rain_mm,visibility_km
2026-05-01T00:00:00,BTM Layout,22.7,79,Light Rain,13.1,1.4,10.1
2026-05-01T01:00:00,Jayanagar,19.2,52,Foggy,7.7,0.0,4.5
2026-05-01T02:00:00,Whitefield,29.2,83,Heavy Rain,2.3,4.6,2.2
2026-05-01T03:00:00,HSR Layout,20.2,75,Cloudy,16.0,0.0,13.0
2026-05-01T04:00:00,Whitefield,33.4,88,Cloudy,15.2,0.0,9.9
2026-05-01T05:00:00,Marathahalli,32.2,45,Clear,2.5,0.0,9.7
2026-05-01T06:00:00,HSR Layout,30.5,67,Cloudy,16.0,0.0,11.2
2026-05-01T07:00:00,Marathahalli,28.1,65,Foggy,33.9,0.0,8.5
2026-05-01T08:00:00,Whitefield,28.1,53,Heavy Rain,7.0,8.5,6.2
2026-05-01T09:00:00,Indiranagar,28.5,93,Cloudy,4.8,0.0,12.1
2026-05-01T10:00:00,Banashankari,32.6,40,Light Rain,17.6,14.8,8.2
2026-05-01T11:00:00,Electronic City,28.1,72,Cloudy,33.8,0.0,13.5
2026-05-01T12:00:00,HSR Layout,29.6,92,Clear,22.5,0.0,9.9
2026-05-01T13:00:00,Jayanagar,29.4,89,Clear,12.1,0.0,12.8
2026-05-01T14:00:00,Jayanagar,26.5,61,Heavy Rain,18.8,7.8,3.4
2026-05-01T15:00:00,HSR Layout,34.4,80,Clear,15.6,0.0,12.0
2026-05-01T16:00:00,Electronic City,37.6,82,Cloudy,29.1,0.0,9.5
2026-05-01T17:00:00,HSR Layout,26.0,50,Clear,31.2,0.0,13.0
2026-05-01T18:00:00,HSR Layout,31.7,81,Clear,9.6,0.0,10.1
2026-05-01T19:00:00,Koramangala,36.8,44,Cloudy,24.6,0.0,12.5
2026-05-01T20:00:00,Jayanagar,22.3,65,Light Rain,32.1,13.7,9.8
2026-05-01T21:00:00,Marathahalli,19.4,63,Heavy Rain,15.4,5.4,6.2
2026-05-01T22:00:00,Jayanagar,20.3,94,Foggy,26.3,0.0,2.8
2026-05-01T23:00:00,Electronic City,34.5,80,Heavy Rain,24.3,1.1,8.1
2026-05-02T00:00:00,Yelahanka,33.9,51,Cloudy,14.9,0.0,8.6
2026-05-02T01:00:00,BTM Layout,23.3,67,Clear,26.2,0.0,8.4
2026-05-02T02:00:00,HSR Layout,23.3,58,Clear,24.4,0.0,10.2
2026-05-02T03:00:00,HSR Layout,25.8,95,Cloudy,10.5,0.0,10.1
2026-05-02T04:00:00,Koramangala,33.1,41,Cloudy,12.1,0.0,14.3
2026-05-02T05:00:00,Jayanagar,34.5,40,Drizzle,13.8,0.0,13.0
2026-05-02T06:00:00,Indiranagar,35.4,79,Heavy Rain,27.0,3.1,4.3
2026-05-02T07:00:00,Jayanagar,28.1,86,Light Rain,9.4,7.1,11.4
2026-05-02T08:00:00,HSR Layout,26.9,87,Clear,10.5,0.0,11.4
2026-05-02T09:00:00,Electronic City,34.5,44,Clear,19.8,0.0,11.4
2026-05-02T10:00:00,Jayanagar,34.3,90,Clear,26.9,0.0,11.5
2026-05-02T11:00:00,Jayanagar,37.6,50,Clear,25.6,0.0,12.3
2026-05-02T12:00:00,Yelahanka,29.4,78,Light Rain,29.8,9.9,13.8
2026-05-02T13:00:00,Yelahanka,23.2,59,Light Rain,3.2,10.6,8.9
2026-05-02T14:00:00,BTM Layout,27.6,45,Heavy Rain,11.7,0.6,5.4
2026-05-02T15:00:00,Whitefield,24.3,90,Cloudy,15.0,0.0,14.7
2026-05-02T16:00:00,Yelahanka,23.1,64,Foggy,11.1,0.0,2.6
2026-05-02T17:00:00,Jayanagar,27.6,65,Light Rain,22.8,11.3,13.5
2026-05-02T18:00:00,Yelahanka,33.8,60,Clear,8.0,0.0,10.4
2026-05-02T19:00:00,Indiranagar,27.7,48,Cloudy,26.1,0.0,11.5
2026-05-02T20:00:00,Electronic City,29.4,70,Clear,15.9,0.0,12.1
2026-05-02T21:00:00,HSR Layout,33.7,87,Clear,9.9,0.0,10.7
2026-05-02T22:00:00,BTM Layout,34.9,65,Cloudy,10.1,0.0,11.9
2026-05-02T23:00:00,Whitefield,32.0,74,Light Rain,33.2,10.3,14.6
2026-05-03T00:00:00,Marathahalli,23.7,54,Cloudy,32.7,0.0,9.1
2026-05-03T01:00:00,Koramangala,24.0,74,Heavy Rain,28.8,3.3,6.4
2026-05-03T02:00:00,Banashankari,33.9,48,Clear,30.3,0.0,10.4
2026-05-03T03:00:00,Koramangala,19.9,92,Cloudy,4.9,0.0,13.6
2026-05-03T04:00:00,Koramangala,30.7,81,Cloudy,15.4,0.0,10.6
2026-05-03T05:00:00,Yelahanka,19.7,60,Light Rain,23.2,3.2,12.5
2026-05-03T06:00:00,Yelahanka,23.4,73,Light Rain,10.1,2.3,10.6
2026-05-03T07:00:00,BTM Layout,22.9,47,Clear,19.9,0.0,10.7
2026-05-03T08:00:00,Koramangala,24.6,74,Light Rain,33.0,2.7,14.2
2026-05-03T09:00:00,Indiranagar,26.1,72,Light Rain,32.1,13.3,14.0
2026-05-03T10:00:00,Banashankari,32.6,46,Thunderstorm,17.9,1.7,8.1
2026-05-03T11:00:00,Marathahalli,37.9,83,Heavy Rain,25.1,14.5,8.4
2026-05-03T12:00:00,Indiranagar,27.1,75,Clear,33.3,0.0,10.7
2026-05-03T13:00:00,Electronic City,26.6,52,Clear,25.1,0.0,9.6
2026-05-03T14:00:00,Whitefield,26.7,49,Cloudy,33.1,0.0,11.8
2026-05-03T15:00:00,Electronic City,35.0,91,Cloudy,26.2,0.0,14.1
2026-05-03T16:00:00,Indiranagar,34.3,62,Cloudy,23.3,0.0,14.3
2026-05-03T17:00:00,Koramangala,31.5,64,Cloudy,3.9,0.0,11.1
2026-05-03T18:00:00,BTM Layout,35.6,66,Clear,27.5,0.0,14.8
2026-05-03T19:00:00,BTM Layout,36.9,50,Light Rain,22.6,12.8,14.1
2026-05-03T20:00:00,Electronic City,34.0,70,Clear,16.9,0.0,14.4
2026-05-03T21:00:00,Koramangala,21.4,78,Cloudy,25.5,0.0,8.9
2026-05-03T22:00:00,BTM Layout,22.2,47,Thunderstorm,31.6,6.4,8.3
2026-05-03T23:00:00,Banashankari,23.9,93,Cloudy,27.8,0.0,9.1
2026-05-04T00:00:00,BTM Layout,23.7,63,Light Rain,12.4,8.7,12.8
2026-05-04T01:00:00,Yelahanka,23.3,91,Light Rain,20.5,12.4,13.9
2026-05-04T02:00:00,Yelahanka,19.4,65,Foggy,11.0,0.0,8.6
2026-05-04T03:00:00,Marathahalli,26.5,76,Cloudy,13.5,0.0,13.2
2026-05-04T04:00:00,BTM Layout,22.2,95,Clear,22.9,0.0,13.0
2026-05-04T05:00:00,Banashankari,34.0,70,Light Rain,19.5,5.2,11.0
2026-05-04T06:00:00,Whitefield,32.4,48,Drizzle,22.7,0.0,14.0
2026-05-04T07:00:00,BTM Layout,36.0,65,Clear,31.5,0.0,10.8
2026-05-04T08:00:00,Banashankari,26.5,78,Cloudy,34.1,0.0,13.8
2026-05-04T09:00:00,BTM Layout,28.3,69,Light Rain,14.7,8.7,10.9
2026-05-04T10:00:00,BTM Layout,23.7,90,Thunderstorm,24.2,7.2,9.8
2026-05-04T11:00:00,Electronic City,22.6,67,Clear,22.9,0.0,14.3
2026-05-04T12:00:00,Banashankari,29.1,80,Thunderstorm,5.7,12.1,4.5
2026-05-04T13:00:00,Whitefield,35.1,58,Thunderstorm,3.9,0.7,2.9
2026-05-04T14:00:00,Banashankari,23.6,64,Thunderstorm,30.6,6.5,5.3
2026-05-04T15:00:00,Jayanagar,36.8,50,Heavy Rain,17.0,14.9,7.6
2026-05-04T16:00:00,Whitefield,25.4,91,Thunderstorm,14.5,3.1,5.9
2026-05-04T17:00:00,Indiranagar,31.0,90,Cloudy,12.1,0.0,10.9
2026-05-04T18:00:00,Yelahanka,37.1,88,Clear,3.5,0.0,11.0
2026-05-04T19:00:00,Yelahanka,33.0,68,Clear,17.1,0.0,14.9
2026-05-04T20:00:00,Jayanagar,31.4,80,Cloudy,25.5,0.0,13.6
2026-05-04T21:00:00,Koramangala,20.2,79,Thunderstorm,19.9,14.3,8.1
2026-05-04T22:00:00,Electronic City,30.0,58,Clear,27.8,0.0,9.9
2026-05-04T23:00:00,Koramangala,26.8,46,Cloudy,2.0,0.0,12.5
2026-05-05T00:00:00,Jayanagar,24.6,50,Cloudy,31.9,0.0,8.4
2026-05-05T01:00:00,Electronic City,24.2,70,Light Rain,18.8,6.0,14.0
2026-05-05T02:00:00,Marathahalli,28.9,49,Clear,6.2,0.0,13.2
2026-05-05T03:00:00,Koramangala,19.3,64,Foggy,13.4,0.0,7.4
2026-05-05T04:00:00,BTM Layout,29.3,59,Light Rain,11.8,2.0,8.4
2026-05-05T05:00:00,Yelahanka,29.5,40,Clear,11.4,0.0,9.0
2026-05-05T06:00:00,Jayanagar,38.0,75,Cloudy,32.4,0.0,8.5
2026-05-05T07:00:00,BTM Layout,22.4,93,Heavy Rain,15.8,14.9,7.1
2026-05-05T08:00:00,Koramangala,37.3,91,Heavy Rain,24.1,1.8,5.9
2026-05-05T09:00:00,Jayanagar,24.3,45,Drizzle,18.0,0.0,9.0
2026-05-05T10:00:00,Koramangala,26.2,84,Cloudy,9.5,0.0,14.2
2026-05-05T11:00:00,Marathahalli,31.7,74,Clear,26.5,0.0,12.4
2026-05-05T12:00:00,Indiranagar,28.5,66,Cloudy,28.9,0.0,8.7
2026-05-05T13:00:00,Whitefield,28.8,66,Heavy Rain,7.5,14.4,9.7
2026-05-05T14:00:00,Koramangala,30.7,95,Clear,2.9,0.0,8.7
2026-05-05T15:00:00,Koramangala,33.3,63,Clear,20.8,0.0,10.7
2026-05-05T16:00:00,Whitefield,31.6,56,Cloudy,8.4,0.0,10.1
2026-05-05T17:00:00,Yelahanka,23.1,57,Cloudy,27.0,0.0,14.9
2026-05-05T18:00:00,Yelahanka,24.3,84,Cloudy,2.5,0.0,13.2
2026-05-05T19:00:00,Banashankari,33.0,59,Foggy,12.3,0.0,4.3
2026-05-05T20:00:00,Indiranagar,32.7,69,Thunderstorm,14.4,12.7,2.7
2026-05-05T21:00:00,Banashankari,25.4,45,Clear,34.6,0.0,9.7
2026-05-05T22:00:00,HSR Layout,28.9,40,Clear,24.3,0.0,14.0
2026-05-05T23:00:00,BTM Layout,32.0,45,Clear,8.4,0.0,13.6
2026-05-06T00:00:00,Jayanagar,24.4,91,Cloudy,2.2,0.0,11.9
2026-05-06T01:00:00,HSR Layout,25.1,70,Light Rain,30.8,5.0,8.5
2026-05-06T02:00:00,Indiranagar,28.9,94,Cloudy,9.1,0.0,12.8
2026-05-06T03:00:00,Banashankari,19.3,61,Light Rain,4.9,10.0,11.3
2026-05-06T04:00:00,HSR Layout,28.6,45,Light Rain,10.0,4.1,13.5
2026-05-06T05:00:00,Koramangala,20.4,75,Cloudy,4.0,0.0,10.4
2026-05-06T06:00:00,BTM Layout,25.6,45,Heavy Rain,16.5,5.9,9.0
2026-05-06T07:00:00,BTM Layout,36.8,51,Clear,7.2,0.0,10.7
2026-05-06T08:00:00,Marathahalli,33.6,84,Clear,29.9,0.0,10.2
2026-05-06T09:00:00,Koramangala,23.5,83,Light Rain,28.6,8.7,12.2
2026-05-06T10:00:00,HSR Layout,24.6,56,Light Rain,24.8,4.1,13.5
2026-05-06T11:00:00,Electronic City,22.4,87,Cloudy,32.6,0.0,14.3
2026-05-06T12:00:00,Marathahalli,31.2,51,Light Rain,6.4,13.1,11.4
2026-05-06T13:00:00,Jayanagar,33.2,57,Thunderstorm,14.8,8.3,8.0
2026-05-06T14:00:00,Yelahanka,24.7,91,Foggy,24.7,0.0,3.0
2026-05-06T15:00:00,Whitefield,24.8,44,Heavy Rain,25.4,2.6,4.8
2026-05-06T16:00:00,Koramangala,34.5,44,Cloudy,3.8,0.0,12.5
2026-05-06T17:00:00,Yelahanka,28.6,91,Drizzle,33.0,0.0,8.0
2026-05-06T18:00:00,BTM Layout,36.7,52,Cloudy,33.7,0.0,13.0
2026-05-06T19:00:00,BTM Layout,35.8,49,Drizzle,7.1,0.0,8.4
2026-05-06T20:00:00,Marathahalli,29.4,87,Clear,14.0,0.0,13.4
2026-05-06T21:00:00,Banashankari,22.0,70,Clear,26.0,0.0,13.5
2026-05-06T22:00:00,BTM Layout,32.5,87,Light Rain,21.8,10.5,13.0
2026-05-06T23:00:00,Banashankari,34.2,79,Cloudy,31.2,0.0,14.4
2026-05-07T00:00:00,Indiranagar,30.7,49,Foggy,23.4,0.0,3.8
2026-05-07T01:00:00,Koramangala,21.9,67,Heavy Rain,14.6,1.4,9.3
2026-05-07T02:00:00,BTM Layout,21.9,71,Clear,6.8,0.0,10.0
2026-05-07T03:00:00,Koramangala,31.6,66,Clear,2.5,0.0,9.4
2026-05-07T04:00:00,Yelahanka,22.3,51,Clear,27.9,0.0,14.4
2026-05-07T05:00:00,Indiranagar,23.9,54,Light Rain,29.6,3.6,13.7
2026-05-07T06:00:00,Electronic City,35.5,90,Cloudy,29.8,0.0,14.9
2026-05-07T07:00:00,Indiranagar,33.3,73,Light Rain,9.6,7.2,9.6
2026-05-07T08:00:00,Whitefield,31.4,49,Light Rain,19.1,12.2,11.7
2026-05-07T09:00:00,BTM Layout,23.2,87,Clear,6.6,0.0,9.6
2026-05-07T10:00:00,BTM Layout,32.7,72,Foggy,26.5,0.0,2.1
2026-05-07T11:00:00,BTM Layout,35.0,87,Cloudy,16.1,0.0,9.1
2026-05-07T12:00:00,BTM Layout,36.0,87,Clear,31.2,0.0,11.7
2026-05-07T13:00:00,Marathahalli,24.4,55,Thunderstorm,27.4,9.3,2.5
2026-05-07T14:00:00,Yelahanka,27.2,59,Foggy,9.5,0.0,8.9
2026-05-07T15:00:00,BTM Layout,32.0,56,Clear,24.2,0.0,10.3
2026-05-07T16:00:00,Indiranagar,34.7,62,Clear,33.2,0.0,12.7
2026-05-07T17:00:00,Whitefield,26.2,42,Clear,25.7,0.0,12.6
2026-05-07T18:00:00,Marathahalli,34.7,44,Clear,19.3,0.0,9.1
2026-05-07T19:00:00,Indiranagar,29.1,40,Foggy,23.9,0.0,4.2
2026-05-07T20:00:00,Marathahalli,25.9,61,Light Rain,22.8,11.8,13.2
2026-05-07T21:00:00,Jayanagar,23.6,92,Cloudy,2.4,0.0,13.2
2026-05-07T22:00:00,HSR Layout,32.2,61,Clear,30.5,0.0,14.8
2026-05-07T23:00:00,Marathahalli,22.8,72,Heavy Rain,20.1,11.2,8.4
2026-05-08T00:00:00,Yelahanka,22.6,52,Clear,17.6,0.0,8.6
2026-05-08T01:00:00,Indiranagar,19.2,82,Foggy,28.2,0.0,3.2
2026-05-08T02:00:00,Banashankari,27.3,95,Heavy Rain,10.4,15.0,5.4
2026-05-08T03:00:00,Whitefield,20.4,75,Light Rain,28.6,13.1,13.8
2026-05-08T04:00:00,Marathahalli,29.8,44,Cloudy,22.3,0.0,13.0
2026-05-08T05:00:00,Koramangala,26.9,80,Clear,11.2,0.0,8.8
2026-05-08T06:00:00,Jayanagar,26.6,76,Foggy,9.9,0.0,2.2
2026-05-08T07:00:00,Jayanagar,23.0,91,Foggy,2.5,0.0,5.8
2026-05-08T08:00:00,Electronic City,34.5,95,Drizzle,7.4,0.0,10.2
2026-05-08T09:00:00,Electronic City,35.7,93,Foggy,17.3,0.0,6.8
2026-05-08T10:00:00,Koramangala,28.1,81,Thunderstorm,29.2,7.3,3.6
2026-05-08T11:00:00,Banashankari,22.4,73,Cloudy,8.4,0.0,11.7
2026-05-08T12:00:00,Banashankari,31.0,50,Heavy Rain,33.8,4.9,6.8
2026-05-08T13:00:00,Marathahalli,36.7,47,Clear,9.5,0.0,14.3
2026-05-08T14:00:00,Jayanagar,33.9,63,Foggy,8.5,0.0,4.0
2026-05-08T15:00:00,Electronic City,28.6,54,Cloudy,6.1,0.0,12.3
2026-05-08T16:00:00,Yelahanka,30.3,52,Light Rain,18.4,12.4,11.4
2026-05-08T17:00:00,HSR Layout,34.2,59,Clear,20.6,0.0,11.5
2026-05-08T18:00:00,Indiranagar,30.0,75,Light Rain,6.7,12.7,13.2
2026-05-08T19:00:00,Banashankari,28.8,66,Clear,13.7,0.0,13.1
2026-05-08T20:00:00,Banashankari,35.7,50,Cloudy,2.6,0.0,9.4
2026-05-08T21:00:00,Electronic City,26.8,78,Cloudy,26.5,0.0,12.9
2026-05-08T22:00:00,Electronic City,19.0,65,Cloudy,21.6,0.0,13.1
2026-05-08T23:00:00,HSR Layout,24.4,50,Cloudy,15.1,0.0,9.6
2026-05-09T00:00:00,Yelahanka,19.5,46,Light Rain,29.6,7.3,8.8
2026-05-09T01:00:00,Whitefield,28.1,86,Clear,2.6,0.0,9.2
2026-05-09T02:00:00,Koramangala,32.0,67,Light Rain,13.3,13.3,9.2
2026-05-09T03:00:00,Whitefield,27.6,82,Clear,26.2,0.0,8.5
2026-05-09T04:00:00,Jayanagar,20.1,46,Foggy,10.0,0.0,8.6
2026-05-09T05:00:00,Jayanagar,29.8,43,Light Rain,21.6,14.2,8.2
2026-05-09T06:00:00,Marathahalli,33.9,44,Cloudy,12.2,0.0,10.1
2026-05-09T07:00:00,BTM Layout,36.5,55,Cloudy,9.8,0.0,8.8
2026-05-09T08:00:00,Yelahanka,26.8,69,Thunderstorm,4.1,3.4,3.3
2026-05-09T09:00:00,Yelahanka,27.0,66,Foggy,32.1,0.0,8.6
2026-05-09T10:00:00,Whitefield,28.8,92,Thunderstorm,23.9,14.3,9.0
2026-05-09T11:00:00,Whitefield,27.4,95,Foggy,28.0,0.0,6.0
2026-05-09T12:00:00,Banashankari,32.5,46,Clear,20.4,0.0,14.7
2026-05-09T13:00:00,Banashankari,23.1,41,Thunderstorm,12.6,0.3,5.6
2026-05-09T14:00:00,Banashankari,22.3,81,Cloudy,10.8,0.0,15.0
2026-05-09T15:00:00,Banashankari,28.7,43,Heavy Rain,14.4,3.6,9.2
2026-05-09T16:00:00,Koramangala,31.5,69,Light Rain,32.1,14.5,10.8
2026-05-09T17:00:00,Yelahanka,30.4,86,Clear,10.6,0.0,12.5
2026-05-09T18:00:00,Electronic City,27.2,49,Light Rain,10.5,12.6,14.8
2026-05-09T19:00:00,BTM Layout,25.3,54,Foggy,3.4,0.0,7.8
2026-05-09T20:00:00,Electronic City,29.3,64,Light Rain,28.8,2.3,10.0
2026-05-09T21:00:00,HSR Layout,24.9,87,Light Rain,3.5,1.8,8.9
2026-05-09T22:00:00,Yelahanka,31.9,91,Clear,11.5,0.0,13.3
2026-05-09T23:00:00,Indiranagar,20.4,77,Cloudy,3.7,0.0,12.6
2026-05-10T00:00:00,Yelahanka,20.6,71,Heavy Rain,11.6,4.6,4.8
2026-05-10T01:00:00,Jayanagar,29.4,68,Clear,3.2,0.0,9.8
2026-05-10T02:00:00,Whitefield,29.2,70,Clear,32.5,0.0,12.9
2026-05-10T03:00:00,Indiranagar,23.1,63,Drizzle,30.4,0.0,10.5
2026-05-10T04:00:00,Electronic City,25.8,50,Clear,24.5,0.0,14.2
2026-05-10T05:00:00,Electronic City,26.3,65,Cloudy,3.9,0.0,11.4
2026-05-10T06:00:00,Banashankari,22.0,45,Light Rain,14.6,9.1,10.6
2026-05-10T07:00:00,Indiranagar,27.9,59,Clear,27.9,0.0,10.6
2026-05-10T08:00:00,Electronic City,22.9,59,Drizzle,34.9,0.0,13.6
2026-05-10T09:00:00,Marathahalli,29.0,75,Clear,20.6,0.0,9.9
2026-05-10T10:00:00,Electronic City,31.6,60,Foggy,26.6,0.0,9.2
2026-05-10T11:00:00,BTM Layout,37.3,63,Cloudy,32.2,0.0,13.3
2026-05-10T12:00:00,HSR Layout,25.9,41,Clear,4.7,0.0,12.9
2026-05-10T13:00:00,HSR Layout,24.9,41,Foggy,2.8,0.0,2.7
2026-05-10T14:00:00,Koramangala,29.7,50,Light Rain,28.7,2.6,8.7
2026-05-10T15:00:00,Indiranagar,29.3,89,Clear,21.5,0.0,9.6
2026-05-10T16:00:00,HSR Layout,25.0,73,Foggy,11.8,0.0,8.9
2026-05-10T17:00:00,Indiranagar,32.8,75,Light Rain,17.3,10.9,11.3
2026-05-10T18:00:00,Electronic City,23.8,85,Clear,16.7,0.0,9.5
2026-05-10T19:00:00,BTM Layout,25.6,71,Clear,9.0,0.0,13.1
2026-05-10T20:00:00,Yelahanka,29.1,56,Light Rain,19.0,12.7,10.5
2026-05-10T21:00:00,Marathahalli,33.5,50,Cloudy,12.5,0.0,9.7
2026-05-10T22:00:00,Marathahalli,24.2,87,Light Rain,13.2,4.7,8.7
2026-05-10T23:00:00,Electronic City,23.0,43,Clear,20.1,0.0,8.9
2026-05-11T00:00:00,Electronic City,22.8,74,Cloudy,20.4,0.0,10.8
2026-05-11T01:00:00,Koramangala,25.8,56,Light Rain,32.6,4.5,13.2
2026-05-11T02:00:00,Marathahalli,30.9,84,Clear,30.6,0.0,10.7
2026-05-11T03:00:00,Whitefield,23.0,71,Cloudy,18.0,0.0,12.8
2026-05-11T04:00:00,Indiranagar,24.2,62,Drizzle,19.5,0.0,8.0
2026-05-11T05:00:00,Jayanagar,22.2,61,Cloudy,13.0,0.0,10.4
2026-05-11T06:00:00,Marathahalli,36.4,82,Light Rain,34.0,9.0,10.4
2026-05-11T07:00:00,BTM Layout,22.7,95,Foggy,17.6,0.0,7.8
2026-05-11T08:00:00,Koramangala,31.7,62,Foggy,15.1,0.0,3.9
2026-05-11T09:00:00,Marathahalli,22.9,46,Thunderstorm,9.8,4.6,2.2
2026-05-11T10:00:00,BTM Layout,27.8,56,Light Rain,24.3,1.9,9.9
2026-05-11T11:00:00,Banashankari,27.4,55,Light Rain,16.1,3.7,11.8
2026-05-11T12:00:00,Electronic City,22.6,46,Clear,10.9,0.0,10.1
2026-05-11T13:00:00,Banashankari,30.3,80,Light Rain,33.1,9.5,10.7
2026-05-11T14:00:00,Jayanagar,27.8,59,Light Rain,9.0,9.3,10.9
2026-05-11T15:00:00,Jayanagar,36.6,52,Cloudy,6.1,0.0,10.6
2026-05-11T16:00:00,Koramangala,28.0,60,Cloudy,33.8,0.0,13.9
2026-05-11T17:00:00,Banashankari,22.6,62,Cloudy,11.8,0.0,10.9
2026-05-11T18:00:00,HSR Layout,34.9,52,Clear,34.6,0.0,14.9
2026-05-11T19:00:00,Whitefield,23.2,49,Light Rain,25.7,8.3,8.8
2026-05-11T20:00:00,Koramangala,25.5,71,Cloudy,32.6,0.0,14.8
2026-05-11T21:00:00,Yelahanka,19.4,42,Foggy,26.4,0.0,8.3
2026-05-11T22:00:00,Yelahanka,28.6,92,Cloudy,30.3,0.0,12.8
2026-05-11T23:00:00,Yelahanka,31.4,68,Foggy,24.9,0.0,5.3
2026-05-12T00:00:00,Jayanagar,34.1,72,Light Rain,11.8,3.0,9.4
2026-05-12T01:00:00,Indiranagar,25.9,42,Light Rain,9.1,13.5,8.5
2026-05-12T02:00:00,HSR Layout,26.8,90,Clear,26.6,0.0,8.8
2026-05-12T03:00:00,Electronic City,19.9,59,Clear,21.7,0.0,10.0
2026-05-12T04:00:00,Banashankari,27.3,73,Clear,23.7,0.0,11.6
2026-05-12T05:00:00,Electronic City,23.0,60,Thunderstorm,30.3,2.7,4.9
2026-05-12T06:00:00,Yelahanka,22.2,92,Foggy,27.4,0.0,7.3
2026-05-12T07:00:00,Marathahalli,30.3,76,Cloudy,30.6,0.0,8.2
2026-05-12T08:00:00,HSR Layout,35.4,42,Clear,5.7,0.0,13.0
2026-05-12T09:00:00,HSR Layout,28.1,74,Drizzle,30.4,0.0,8.4
2026-05-12T10:00:00,Indiranagar,29.9,72,Cloudy,24.8,0.0,10.5
2026-05-12T11:00:00,Koramangala,27.5,80,Cloudy,29.2,0.0,14.5
2026-05-12T12:00:00,BTM Layout,35.6,64,Foggy,5.0,0.0,3.3
2026-05-12T13:00:00,Jayanagar,24.2,59,Clear,18.3,0.0,13.3
2026-05-12T14:00:00,Koramangala,35.2,80,Heavy Rain,5.0,0.2,2.3
2026-05-12T15:00:00,HSR Layout,32.3,65,Foggy,22.4,0.0,3.6
2026-05-12T16:00:00,Marathahalli,32.5,70,Clear,33.5,0.0,11.7
2026-05-12T17:00:00,Marathahalli,37.1,57,Clear,7.0,0.0,10.4
2026-05-12T18:00:00,Whitefield,23.4,71,Heavy Rain,32.9,0.1,8.2
2026-05-12T19:00:00,BTM Layout,24.8,62,Cloudy,14.7,0.0,14.3
2026-05-12T20:00:00,BTM Layout,25.2,56,Clear,12.1,0.0,11.9
2026-05-12T21:00:00,Indiranagar,28.9,41,Heavy Rain,29.0,0.5,2.2
2026-05-12T22:00:00,Electronic City,21.8,90,Clear,6.4,0.0,11.2
2026-05-12T23:00:00,Koramangala,25.2,65,Drizzle,6.4,0.0,12.7
2026-05-13T00:00:00,Marathahalli,34.6,70,Cloudy,11.8,0.0,8.8
2026-05-13T01:00:00,HSR Layout,30.7,59,Cloudy,7.8,0.0,11.4
2026-05-13T02:00:00,HSR Layout,34.9,71,Clear,31.7,0.0,12.4
2026-05-13T03:00:00,Indiranagar,34.7,79,Clear,23.8,0.0,14.2
2026-05-13T04:00:00,BTM Layout,27.9,76,Thunderstorm,24.2,3.0,5.8
2026-05-13T05:00:00,Jayanagar,20.1,66,Cloudy,11.7,0.0,12.1
2026-05-13T06:00:00,Yelahanka,32.1,76,Light Rain,4.5,2.3,14.1
2026-05-13T07:00:00,Yelahanka,33.0,48,Cloudy,21.6,0.0,8.6
2026-05-13T08:00:00,Marathahalli,32.3,90,Cloudy,21.5,0.0,9.7
2026-05-13T09:00:00,Whitefield,25.1,42,Light Rain,19.2,0.7,14.0
2026-05-13T10:00:00,Yelahanka,24.6,57,Thunderstorm,32.0,8.2,8.0
2026-05-13T11:00:00,BTM Layout,23.0,79,Cloudy,24.0,0.0,9.9
2026-05-13T12:00:00,Electronic City,37.1,64,Foggy,28.6,0.0,4.4
2026-05-13T13:00:00,Electronic City,29.7,76,Cloudy,13.2,0.0,8.8
2026-05-13T14:00:00,Indiranagar,23.3,44,Foggy,14.3,0.0,8.7
2026-05-13T15:00:00,Indiranagar,37.7,80,Cloudy,13.6,0.0,13.3
2026-05-13T16:00:00,Marathahalli,37.0,74,Clear,8.4,0.0,13.6
2026-05-13T17:00:00,Yelahanka,30.4,64,Clear,23.7,0.0,14.9
2026-05-13T18:00:00,Whitefield,24.4,63,Clear,10.1,0.0,12.1
2026-05-13T19:00:00,HSR Layout,24.8,86,Clear,24.5,0.0,10.0
2026-05-13T20:00:00,BTM Layout,22.3,45,Cloudy,20.0,0.0,8.7
2026-05-13T21:00:00,Indiranagar,34.9,81,Clear,7.2,0.0,11.3
2026-05-13T22:00:00,BTM Layout,22.0,72,Clear,4.6,0.0,9.3
2026-05-13T23:00:00,Whitefield,26.0,68,Foggy,25.4,0.0,7.4
2026-05-14T00:00:00,Marathahalli,32.8,47,Drizzle,16.6,0.0,14.6
2026-05-14T01:00:00,Whitefield,19.1,66,Cloudy,34.5,0.0,13.9
2026-05-14T02:00:00,BTM Layout,25.3,68,Cloudy,33.6,0.0,10.6
2026-05-14T03:00:00,Banashankari,20.2,65,Foggy,34.0,0.0,8.3
2026-05-14T04:00:00,Marathahalli,29.2,45,Heavy Rain,6.8,8.4,4.0
2026-05-14T05:00:00,Indiranagar,31.3,67,Clear,5.8,0.0,14.1
2026-05-14T06:00:00,Electronic City,37.0,93,Clear,34.0,0.0,13.7
2026-05-14T07:00:00,HSR Layout,31.7,90,Light Rain,11.4,3.0,8.7
2026-05-14T08:00:00,Jayanagar,33.3,60,Clear,11.3,0.0,10.0
2026-05-14T09:00:00,Indiranagar,30.8,40,Heavy Rain,10.8,0.2,6.2
2026-05-14T10:00:00,Whitefield,30.3,91,Thunderstorm,23.9,9.1,8.2
2026-05-14T11:00:00,Koramangala,34.5,69,Heavy Rain,15.1,1.6,6.9
2026-05-14T12:00:00,Koramangala,35.8,79,Cloudy,19.9,0.0,12.1
2026-05-14T13:00:00,Marathahalli,33.8,84,Clear,5.3,0.0,11.9
2026-05-14T14:00:00,BTM Layout,22.4,94,Light Rain,19.3,7.8,8.5
2026-05-14T15:00:00,BTM Layout,36.5,84,Light Rain,24.5,6.3,11.4
2026-05-14T16:00:00,Jayanagar,36.1,67,Cloudy,24.3,0.0,11.7
2026-05-14T17:00:00,Jayanagar,28.9,91,Thunderstorm,19.7,1.8,5.4
2026-05-14T18:00:00,HSR Layout,22.4,75,Drizzle,29.4,0.0,9.0
2026-05-14T19:00:00,Yelahanka,27.9,79,Clear,4.0,0.0,14.1
2026-05-14T20:00:00,Marathahalli,37.2,58,Foggy,4.8,0.0,4.9
2026-05-14T21:00:00,Koramangala,25.4,90,Light Rain,13.2,1.6,11.9
2026-05-14T22:00:00,Indiranagar,20.3,83,Heavy Rain,30.0,14.8,6.3
2026-05-14T23:00:00,Whitefield,23.3,43,Light Rain,12.6,10.5,12.3
2026-05-15T00:00:00,Jayanagar,32.8,68,Cloudy,23.7,0.0,12.9
2026-05-15T01:00:00,Jayanagar,28.1,58,Clear,8.3,0.0,14.9
2026-05-15T02:00:00,Whitefield,31.2,58,Drizzle,24.6,0.0,11.9
2026-05-15T03:00:00,Banashankari,29.5,82,Cloudy,22.4,0.0,11.2
2026-05-15T04:00:00,Whitefield,32.0,80,Light Rain,29.0,7.0,8.3
2026-05-15T05:00:00,Jayanagar,27.8,58,Cloudy,22.6,0.0,9.2
2026-05-15T06:00:00,Electronic City,36.2,43,Clear,19.1,0.0,11.1
2026-05-15T07:00:00,Yelahanka,31.8,52,Clear,19.7,0.0,14.3
2026-05-15T08:00:00,BTM Layout,28.3,92,Clear,2.1,0.0,10.8
2026-05-15T09:00:00,HSR Layout,33.8,67,Clear,20.6,0.0,9.1
2026-05-15T10:00:00,Marathahalli,34.5,76,Heavy Rain,25.5,3.0,5.4
2026-05-15T11:00:00,Indiranagar,35.7,86,Light Rain,30.3,3.0,13.0
2026-05-15T12:00:00,HSR Layout,29.0,48,Heavy Rain,3.3,6.0,4.9
2026-05-15T13:00:00,Electronic City,36.1,81,Clear,33.0,0.0,11.5
2026-05-15T14:00:00,Koramangala,25.8,60,Light Rain,17.6,3.8,14.9
2026-05-15T15:00:00,Koramangala,37.2,89,Heavy Rain,8.7,10.8,6.5
2026-05-15T16:00:00,HSR Layout,31.0,73,Clear,16.6,0.0,14.2
2026-05-15T17:00:00,Electronic City,37.1,84,Cloudy,6.9,0.0,10.1
2026-05-15T18:00:00,BTM Layout,33.5,88,Clear,21.3,0.0,8.5
2026-05-15T19:00:00,Whitefield,29.2,79,Cloudy,33.0,0.0,8.3
2026-05-15T20:00:00,BTM Layout,24.3,50,Light Rain,19.5,8.1,13.0
2026-05-15T21:00:00,Whitefield,28.3,76,Foggy,28.3,0.0,2.0
2026-05-15T22:00:00,Yelahanka,34.1,68,Cloudy,30.4,0.0,10.2
2026-05-15T23:00:00,HSR Layout,33.3,59,Light Rain,34.5,4.3,8.6
2026-05-16T00:00:00,HSR Layout,28.9,53,Thunderstorm,5.1,13.4,10.0
2026-05-16T01:00:00,BTM Layout,29.5,56,Thunderstorm,3.2,2.8,7.8
2026-05-16T02:00:00,Electronic City,21.4,41,Heavy Rain,19.0,1.6,8.9
2026-05-16T03:00:00,Indiranagar,34.1,43,Clear,11.2,0.0,8.2
2026-05-16T04:00:00,BTM Layout,20.7,92,Cloudy,20.2,0.0,9.5
2026-05-16T05:00:00,Koramangala,33.9,87,Drizzle,13.4,0.0,13.5
2026-05-16T06:00:00,Yelahanka,24.1,71,Light Rain,24.6,9.0,13.7
2026-05-16T07:00:00,Jayanagar,30.3,75,Clear,33.7,0.0,10.0
2026-05-16T08:00:00,Yelahanka,32.9,90,Clear,23.6,0.0,9.8
2026-05-16T09:00:00,HSR Layout,24.7,50,Heavy Rain,15.2,14.9,3.3
2026-05-16T10:00:00,Marathahalli,22.1,66,Clear,17.2,0.0,14.5
2026-05-16T11:00:00,BTM Layout,26.7,64,Cloudy,29.0,0.0,11.8
2026-05-16T12:00:00,Electronic City,36.6,66,Cloudy,4.8,0.0,9.1
2026-05-16T13:00:00,Marathahalli,22.4,44,Cloudy,3.2,0.0,8.7
2026-05-16T14:00:00,Electronic City,33.3,47,Thunderstorm,5.5,10.4,2.4
2026-05-16T15:00:00,Jayanagar,24.9,46,Clear,32.9,0.0,10.8
2026-05-16T16:00:00,HSR Layout,28.5,51,Clear,20.5,0.0,11.3
2026-05-16T17:00:00,Koramangala,24.5,64,Clear,27.9,0.0,8.5
2026-05-16T18:00:00,Koramangala,36.7,48,Clear,9.1,0.0,12.1
2026-05-16T19:00:00,Electronic City,22.1,62,Heavy Rain,30.3,10.5,4.3
2026-05-16T20:00:00,Banashankari,34.9,87,Clear,32.5,0.0,9.2
2026-05-16T21:00:00,Electronic City,31.7,88,Cloudy,27.8,0.0,13.6
2026-05-16T22:00:00,Whitefield,20.1,95,Light Rain,18.2,6.5,8.3
2026-05-16T23:00:00,Electronic City,25.2,41,Clear,11.3,0.0,10.0
2026-05-17T00:00:00,Marathahalli,26.6,76,Light Rain,24.0,10.2,9.4
2026-05-17T01:00:00,HSR Layout,32.6,44,Clear,33.4,0.0,8.7
2026-05-17T02:00:00,Koramangala,26.4,75,Heavy Rain,30.5,14.5,7.3
2026-05-17T03:00:00,Electronic City,28.6,92,Light Rain,18.3,2.9,13.7
2026-05-17T04:00:00,Banashankari,23.7,69,Clear,26.6,0.0,13.1
2026-05-17T05:00:00,HSR Layout,23.8,43,Cloudy,31.7,0.0,12.7
2026-05-17T06:00:00,Banashankari,24.1,93,Clear,24.9,0.0,13.6
2026-05-17T07:00:00,Indiranagar,28.7,58,Clear,2.9,0.0,14.0
2026-05-17T08:00:00,Banashankari,27.8,50,Clear,10.8,0.0,12.5
2026-05-17T09:00:00,Marathahalli,28.9,66,Foggy,9.2,0.0,5.8
2026-05-17T10:00:00,Yelahanka,22.7,45,Clear,32.4,0.0,10.7
2026-05-17T11:00:00,Whitefield,27.7,71,Cloudy,21.1,0.0,13.0
2026-05-17T12:00:00,Banashankari,26.4,69,Cloudy,15.4,0.0,10.5
2026-05-17T13:00:00,Electronic City,28.1,67,Cloudy,15.1,0.0,11.1
2026-05-17T14:00:00,Electronic City,37.4,85,Clear,12.0,0.0,11.6
2026-05-17T15:00:00,Jayanagar,36.7,88,Drizzle,26.0,0.0,9.9
2026-05-17T16:00:00,Koramangala,25.4,59,Heavy Rain,7.3,6.3,7.6
2026-05-17T17:00:00,Marathahalli,25.2,48,Foggy,11.4,0.0,10.0
2026-05-17T18:00:00,HSR Layout,23.9,65,Clear,2.5,0.0,12.0
2026-05-17T19:00:00,Whitefield,27.0,79,Clear,3.7,0.0,13.9
2026-05-17T20:00:00,Indiranagar,34.2,75,Clear,14.1,0.0,13.3
2026-05-17T21:00:00,Jayanagar,28.3,60,Light Rain,4.8,13.6,11.4
2026-05-17T22:00:00,Marathahalli,22.3,69,Light Rain,3.1,4.8,14.9
2026-05-17T23:00:00,Whitefield,31.2,45,Clear,3.6,0.0,10.5
2026-05-18T00:00:00,Banashankari,24.3,82,Foggy,9.0,0.0,4.6
2026-05-18T01:00:00,Marathahalli,20.8,67,Drizzle,3.2,0.0,13.1
2026-05-18T02:00:00,Banashankari,33.2,51,Drizzle,6.9,0.0,13.7
2026-05-18T03:00:00,Yelahanka,24.3,60,Clear,8.3,0.0,13.5
2026-05-18T04:00:00,HSR Layout,31.7,84,Thunderstorm,13.9,13.7,4.9
2026-05-18T05:00:00,Banashankari,32.5,87,Cloudy,27.6,0.0,14.4
2026-05-18T06:00:00,Indiranagar,31.7,68,Clear,14.9,0.0,10.3
2026-05-18T07:00:00,Whitefield,28.1,42,Clear,4.8,0.0,12.5
2026-05-18T08:00:00,Koramangala,25.3,75,Clear,10.2,0.0,12.9
2026-05-18T09:00:00,Whitefield,30.6,65,Clear,11.5,0.0,14.8
2026-05-18T10:00:00,Banashankari,23.9,77,Clear,4.3,0.0,10.9
2026-05-18T11:00:00,Indiranagar,27.0,94,Drizzle,6.0,0.0,8.4
2026-05-18T12:00:00,Electronic City,36.4,66,Light Rain,33.4,5.7,8.8
2026-05-18T13:00:00,Whitefield,29.7,51,Clear,8.9,0.0,13.8
2026-05-18T14:00:00,Electronic City,27.6,95,Clear,12.8,0.0,12.1
2026-05-18T15:00:00,Jayanagar,36.8,54,Clear,23.9,0.0,9.1
2026-05-18T16:00:00,Whitefield,34.9,91,Heavy Rain,34.0,13.5,3.5
2026-05-18T17:00:00,Whitefield,26.1,82,Cloudy,25.0,0.0,8.9
2026-05-18T18:00:00,Banashankari,23.8,52,Foggy,28.6,0.0,9.8
2026-05-18T19:00:00,Indiranagar,27.4,77,Clear,30.4,0.0,8.1
2026-05-18T20:00:00,Jayanagar,22.0,93,Foggy,15.8,0.0,2.9
2026-05-18T21:00:00,HSR Layout,19.1,85,Drizzle,11.1,0.0,11.9
2026-05-18T22:00:00,Electronic City,33.9,63,Clear,8.6,0.0,14.4
2026-05-18T23:00:00,Koramangala,26.7,73,Clear,8.7,0.0,12.8
2026-05-19T00:00:00,Marathahalli,22.8,84,Clear,16.1,0.0,12.4
2026-05-19T01:00:00,Indiranagar,32.9,62,Clear,3.0,0.0,8.0
2026-05-19T02:00:00,Marathahalli,25.2,74,Clear,33.6,0.0,9.8
2026-05-19T03:00:00,Whitefield,27.1,75,Heavy Rain,32.0,12.9,5.0
2026-05-19T04:00:00,HSR Layout,22.2,83,Cloudy,19.2,0.0,12.3
2026-05-19T05:00:00,Marathahalli,19.1,91,Clear,25.2,0.0,12.2
2026-05-19T06:00:00,BTM Layout,35.9,76,Clear,24.5,0.0,11.7
2026-05-19T07:00:00,Jayanagar,37.7,55,Cloudy,15.3,0.0,9.4
2026-05-19T08:00:00,Whitefield,34.1,87,Cloudy,7.9,0.0,11.6
2026-05-19T09:00:00,Whitefield,25.3,76,Cloudy,12.2,0.0,8.2
2026-05-19T10:00:00,Indiranagar,24.9,58,Clear,25.5,0.0,12.3
2026-05-19T11:00:00,Whitefield,36.3,54,Light Rain,7.3,6.7,9.2
2026-05-19T12:00:00,HSR Layout,36.6,74,Foggy,6.0,0.0,4.8
2026-05-19T13:00:00,Jayanagar,27.9,79,Heavy Rain,14.6,4.4,3.4
2026-05-19T14:00:00,BTM Layout,26.5,69,Cloudy,2.6,0.0,10.0
2026-05-19T15:00:00,Indiranagar,25.3,61,Cloudy,34.2,0.0,9.1
2026-05-19T16:00:00,Banashankari,34.7,57,Foggy,11.4,0.0,3.0
2026-05-19T17:00:00,Marathahalli,34.4,65,Cloudy,12.3,0.0,13.3
2026-05-19T18:00:00,Whitefield,31.4,54,Light Rain,28.9,12.0,10.7
2026-05-19T19:00:00,Jayanagar,33.2,95,Cloudy,19.9,0.0,9.0
2026-05-19T20:00:00,Banashankari,23.8,48,Light Rain,17.5,10.5,11.5
2026-05-19T21:00:00,BTM Layout,23.5,90,Clear,13.9,0.0,13.0
2026-05-19T22:00:00,Koramangala,32.8,82,Clear,23.0,0.0,14.5
2026-05-19T23:00:00,Jayanagar,27.1,92,Cloudy,21.2,0.0,11.3
2026-05-20T00:00:00,Banashankari,33.0,73,Clear,22.8,0.0,12.2
2026-05-20T01:00:00,Jayanagar,23.7,58,Cloudy,34.6,0.0,8.9
2026-05-20T02:00:00,BTM Layout,21.0,86,Heavy Rain,21.9,14.3,3.0
2026-05-20T03:00:00,Banashankari,23.2,93,Heavy Rain,15.2,4.7,5.6
2026-05-20T04:00:00,HSR Layout,28.3,47,Cloudy,34.9,0.0,14.0
2026-05-20T05:00:00,Koramangala,30.7,47,Heavy Rain,16.8,10.5,6.5
2026-05-20T06:00:00,Whitefield,23.4,77,Heavy Rain,5.6,9.7,4.8
2026-05-20T07:00:00,Yelahanka,24.1,82,Cloudy,24.7,0.0,14.4
2026-05-20T08:00:00,HSR Layout,37.2,47,Light Rain,18.7,0.4,10.5
2026-05-20T09:00:00,Banashankari,37.0,51,Foggy,30.6,0.0,6.9
2026-05-20T10:00:00,Marathahalli,23.9,46,Light Rain,24.3,7.2,10.1
2026-05-20T11:00:00,Electronic City,35.0,63,Drizzle,26.8,0.0,13.2
2026-05-20T12:00:00,Jayanagar,27.5,94,Cloudy,27.9,0.0,11.3
2026-05-20T13:00:00,Electronic City,29.3,85,Clear,30.5,0.0,13.3
2026-05-20T14:00:00,HSR Layout,27.8,64,Heavy Rain,8.1,11.0,3.1
2026-05-20T15:00:00,Whitefield,37.7,63,Cloudy,27.8,0.0,14.8
2026-05-20T16:00:00,Banashankari,32.1,68,Drizzle,22.4,0.0,10.3
2026-05-20T17:00:00,Banashankari,34.7,83,Drizzle,22.9,0.0,12.9
2026-05-20T18:00:00,Marathahalli,24.4,42,Cloudy,18.7,0.0,11.3
2026-05-20T19:00:00,Whitefield,35.1,63,Light Rain,28.1,8.5,12.7
2026-05-20T20:00:00,Yelahanka,34.9,60,Heavy Rain,13.8,12.7,6.8
2026-05-20T21:00:00,Banashankari,26.0,90,Clear,14.0,0.0,12.1
2026-05-20T22:00:00,Yelahanka,23.5,75,Thunderstorm,32.1,12.6,3.1
2026-05-20T23:00:00,Koramangala,24.1,86,Drizzle,25.9,0.0,11.2
2026-05-21T00:00:00,HSR Layout,32.4,95,Heavy Rain,5.7,9.0,7.3
2026-05-21T01:00:00,Banashankari,25.4,55,Clear,14.1,0.0,14.1
2026-05-21T02:00:00,Whitefield,26.3,94,Light Rain,26.6,2.2,8.4
2026-05-21T03:00:00,Indiranagar,26.0,78,Drizzle,26.2,0.0,14.8
2026-05-21T04:00:00,Marathahalli,33.0,70,Heavy Rain,8.2,8.9,5.0
2026-05-21T05:00:00,Indiranagar,25.3,66,Clear,30.9,0.0,12.8
2026-05-21T06:00:00,BTM Layout,26.3,75,Heavy Rain,8.8,4.2,5.9
2026-05-21T07:00:00,Whitefield,32.3,53,Cloudy,10.0,0.0,14.0
2026-05-21T08:00:00,Jayanagar,32.7,43,Clear,22.7,0.0,11.2
2026-05-21T09:00:00,Indiranagar,32.9,61,Foggy,10.5,0.0,9.7
2026-05-21T10:00:00,Marathahalli,25.6,88,Clear,22.7,0.0,10.8
2026-05-21T11:00:00,Yelahanka,27.2,51,Cloudy,23.1,0.0,10.7
2026-05-21T12:00:00,Indiranagar,29.1,69,Clear,15.8,0.0,8.1
2026-05-21T13:00:00,Electronic City,23.4,88,Cloudy,20.5,0.0,13.6
2026-05-21T14:00:00,HSR Layout,34.9,68,Clear,9.8,0.0,8.6
2026-05-21T15:00:00,Indiranagar,31.4,57,Light Rain,24.9,6.7,10.4
2026-05-21T16:00:00,Koramangala,31.7,43,Cloudy,33.3,0.0,15.0
2026-05-21T17:00:00,Koramangala,34.8,84,Cloudy,34.8,0.0,12.5
2026-05-21T18:00:00,Marathahalli,25.7,58,Drizzle,5.5,0.0,10.3
2026-05-21T19:00:00,Marathahalli,32.0,51,Thunderstorm,10.6,0.5,3.1
2026-05-21T20:00:00,BTM Layout,31.0,83,Heavy Rain,3.8,5.4,2.5
2026-05-21T21:00:00,Whitefield,33.8,72,Drizzle,31.5,0.0,12.2
2026-05-21T22:00:00,Whitefield,20.8,89,Cloudy,22.5,0.0,12.4
2026-05-21T23:00:00,Indiranagar,24.6,48,Clear,26.9,0.0,14.1
2026-05-22T00:00:00,Electronic City,24.2,89,Clear,28.9,0.0,12.0
2026-05-22T01:00:00,Koramangala,30.0,70,Heavy Rain,31.8,12.9,5.9
2026-05-22T02:00:00,Jayanagar,25.1,69,Clear,30.9,0.0,14.1
2026-05-22T03:00:00,Jayanagar,31.2,67,Clear,13.3,0.0,14.1
2026-05-22T04:00:00,Jayanagar,23.6,62,Clear,19.8,0.0,9.2
2026-05-22T05:00:00,Electronic City,19.4,84,Heavy Rain,23.8,10.9,2.3
2026-05-22T06:00:00,Banashankari,22.3,52,Foggy,34.8,0.0,9.1
2026-05-22T07:00:00,Whitefield,27.1,46,Cloudy,26.4,0.0,14.0
2026-05-22T08:00:00,Jayanagar,23.7,82,Cloudy,7.1,0.0,12.6
2026-05-22T09:00:00,Indiranagar,23.1,56,Clear,31.0,0.0,13.8
2026-05-22T10:00:00,Indiranagar,24.2,86,Cloudy,6.4,0.0,13.8
2026-05-22T11:00:00,Marathahalli,30.6,54,Cloudy,23.0,0.0,11.3
2026-05-22T12:00:00,Yelahanka,25.3,86,Light Rain,22.3,11.8,11.8
2026-05-22T13:00:00,Jayanagar,22.4,66,Drizzle,34.8,0.0,9.9
2026-05-22T14:00:00,Jayanagar,30.2,94,Clear,3.7,0.0,12.2
2026-05-22T15:00:00,Whitefield,36.1,79,Cloudy,20.7,0.0,12.1
2026-05-22T16:00:00,Marathahalli,31.0,51,Drizzle,10.1,0.0,13.2
2026-05-22T17:00:00,Electronic City,35.1,81,Heavy Rain,22.1,9.3,2.0
2026-05-22T18:00:00,Yelahanka,26.9,69,Foggy,18.6,0.0,4.0
2026-05-22T19:00:00,Koramangala,33.8,50,Thunderstorm,9.7,7.2,9.0
2026-05-22T20:00:00,Indiranagar,36.1,90,Cloudy,14.7,0.0,10.3
2026-05-22T21:00:00,Koramangala,29.5,83,Foggy,20.4,0.0,2.1
2026-05-22T22:00:00,Indiranagar,35.0,72,Clear,15.5,0.0,12.3
2026-05-22T23:00:00,Indiranagar,19.5,44,Heavy Rain,31.5,10.7,6.3
2026-05-23T00:00:00,Whitefield,26.6,43,Clear,3.5,0.0,11.2
2026-05-23T01:00:00,Yelahanka,29.5,57,Clear,28.0,0.0,9.8
2026-05-23T02:00:00,Whitefield,31.4,93,Light Rain,13.5,7.0,8.6
2026-05-23T03:00:00,Indiranagar,28.0,90,Cloudy,33.6,0.0,8.6
2026-05-23T04:00:00,Banashankari,23.4,86,Light Rain,27.9,6.0,14.3
2026-05-23T05:00:00,Yelahanka,29.2,48,Clear,13.3,0.0,8.6
2026-05-23T06:00:00,Jayanagar,24.8,95,Clear,2.0,0.0,11.7
2026-05-23T07:00:00,Yelahanka,30.7,73,Light Rain,32.3,9.6,10.1
2026-05-23T08:00:00,Indiranagar,26.9,69,Foggy,7.5,0.0,3.4
2026-05-23T09:00:00,Marathahalli,27.2,67,Heavy Rain,33.8,10.3,2.6
2026-05-23T10:00:00,Electronic City,31.0,62,Clear,20.4,0.0,13.1
2026-05-23T11:00:00,BTM Layout,25.2,69,Cloudy,32.5,0.0,13.0
2026-05-23T12:00:00,Indiranagar,31.5,78,Heavy Rain,9.8,14.4,5.6
2026-05-23T13:00:00,Indiranagar,23.6,90,Clear,29.5,0.0,12.8
2026-05-23T14:00:00,Whitefield,34.5,82,Cloudy,32.1,0.0,9.5
2026-05-23T15:00:00,Marathahalli,37.0,60,Clear,34.8,0.0,12.7
2026-05-23T16:00:00,Electronic City,31.2,42,Light Rain,18.3,13.8,11.0
2026-05-23T17:00:00,BTM Layout,24.1,77,Cloudy,22.6,0.0,13.8
2026-05-23T18:00:00,Yelahanka,30.6,45,Clear,34.0,0.0,9.0
2026-05-23T19:00:00,Koramangala,29.0,94,Heavy Rain,24.5,4.9,9.8
2026-05-23T20:00:00,Banashankari,36.7,60,Cloudy,22.9,0.0,12.8
2026-05-23T21:00:00,Koramangala,23.0,63,Clear,16.5,0.0,11.3
2026-05-23T22:00:00,Banashankari,30.5,66,Cloudy,10.2,0.0,13.9
2026-05-23T23:00:00,Electronic City,28.4,64,Clear,29.0,0.0,11.4
2026-05-24T00:00:00,Koramangala,21.8,80,Cloudy,33.4,0.0,13.6
2026-05-24T01:00:00,HSR Layout,22.3,41,Cloudy,5.9,0.0,9.1
2026-05-24T02:00:00,Jayanagar,32.6,87,Drizzle,31.7,0.0,11.1
2026-05-24T03:00:00,Banashankari,25.2,64,Cloudy,27.4,0.0,9.3
2026-05-24T04:00:00,Whitefield,23.2,73,Light Rain,3.9,12.1,9.2
2026-05-24T05:00:00,Yelahanka,24.2,83,Clear,15.0,0.0,8.0
2026-05-24T06:00:00,Jayanagar,38.0,73,Light Rain,32.9,14.6,12.3
2026-05-24T07:00:00,Whitefield,37.7,44,Light Rain,24.2,12.2,9.6
2026-05-24T08:00:00,Koramangala,36.7,59,Clear,17.8,0.0,10.3
2026-05-24T09:00:00,Whitefield,26.8,84,Cloudy,13.4,0.0,9.8
2026-05-24T10:00:00,Marathahalli,34.0,58,Cloudy,7.6,0.0,8.2
2026-05-24T11:00:00,Electronic City,33.0,88,Foggy,11.6,0.0,9.2
2026-05-24T12:00:00,Jayanagar,36.9,45,Cloudy,23.8,0.0,13.0
2026-05-24T13:00:00,Jayanagar,34.3,58,Thunderstorm,18.1,0.8,3.8
2026-05-24T14:00:00,BTM Layout,31.4,56,Drizzle,31.1,0.0,9.9
2026-05-24T15:00:00,HSR Layout,23.9,87,Foggy,16.0,0.0,9.0
2026-05-24T16:00:00,Jayanagar,22.3,95,Light Rain,18.5,10.4,11.7
2026-05-24T17:00:00,Marathahalli,28.7,40,Heavy Rain,25.9,10.0,2.8
2026-05-24T18:00:00,BTM Layout,22.8,72,Cloudy,16.5,0.0,9.0
2026-05-24T19:00:00,HSR Layout,37.2,70,Cloudy,2.6,0.0,13.3
2026-05-24T20:00:00,BTM Layout,35.9,49,Clear,29.5,0.0,11.0
2026-05-24T21:00:00,Jayanagar,33.9,54,Clear,12.4,0.0,14.0
2026-05-24T22:00:00,Jayanagar,34.6,45,Heavy Rain,25.6,0.7,5.0
2026-05-24T23:00:00,Yelahanka,24.2,57,Light Rain,25.5,10.3,10.5
2026-05-25T00:00:00,Jayanagar,33.3,90,Thunderstorm,7.6,1.7,5.5
2026-05-25T01:00:00,Banashankari,34.3,60,Clear,5.1,0.0,8.9
2026-05-25T02:00:00,Jayanagar,26.5,82,Light Rain,18.7,12.9,13.0
2026-05-25T03:00:00,BTM Layout,21.2,41,Drizzle,27.5,0.0,9.8
2026-05-25T04:00:00,Marathahalli,34.1,69,Clear,9.2,0.0,12.7
2026-05-25T05:00:00,Yelahanka,20.5,77,Heavy Rain,8.9,8.3,2.7
2026-05-25T06:00:00,Koramangala,35.5,59,Light Rain,33.7,13.3,14.1
2026-05-25T07:00:00,Marathahalli,32.3,65,Light Rain,24.1,3.7,13.2
2026-05-25T08:00:00,Banashankari,35.8,55,Clear,20.4,0.0,14.7
2026-05-25T09:00:00,Yelahanka,30.0,64,Clear,11.3,0.0,10.0
2026-05-25T10:00:00,Jayanagar,28.0,41,Thunderstorm,3.2,14.5,9.3
2026-05-25T11:00:00,Indiranagar,31.2,87,Cloudy,4.2,0.0,10.6
2026-05-25T12:00:00,Yelahanka,31.8,85,Clear,25.0,0.0,11.0
2026-05-25T13:00:00,Whitefield,38.0,64,Heavy Rain,11.9,0.3,2.6
2026-05-25T14:00:00,Indiranagar,31.0,75,Cloudy,3.9,0.0,9.6
2026-05-25T15:00:00,BTM Layout,26.8,85,Clear,23.3,0.0,9.2
2026-05-25T16:00:00,Indiranagar,26.6,88,Light Rain,29.3,5.8,8.7
2026-05-25T17:00:00,Yelahanka,37.4,83,Clear,12.3,0.0,10.3
2026-05-25T18:00:00,HSR Layout,23.1,45,Heavy Rain,28.1,9.4,8.3
2026-05-25T19:00:00,Whitefield,30.7,53,Clear,24.5,0.0,8.3
2026-05-25T20:00:00,Whitefield,32.4,92,Foggy,18.7,0.0,5.6
2026-05-25T21:00:00,Marathahalli,34.2,54,Cloudy,34.0,0.0,10.6
2026-05-25T22:00:00,Electronic City,29.3,41,Light Rain,30.3,5.5,8.2
2026-05-25T23:00:00,HSR Layout,34.5,61,Light Rain,11.0,0.1,11.5
2026-05-26T00:00:00,Electronic City,28.4,84,Clear,34.3,0.0,14.6
2026-05-26T01:00:00,Banashankari,27.2,56,Heavy Rain,13.9,10.7,3.1
2026-05-26T02:00:00,Marathahalli,24.2,95,Light Rain,10.4,1.9,11.6
2026-05-26T03:00:00,Indiranagar,23.1,55,Heavy Rain,26.3,2.2,9.0
2026-05-26T04:00:00,Yelahanka,31.4,94,Clear,9.0,0.0,9.3
2026-05-26T05:00:00,Whitefield,19.2,67,Clear,31.6,0.0,14.3
2026-05-26T06:00:00,Indiranagar,23.2,82,Light Rain,10.1,2.1,9.4
2026-05-26T07:00:00,Jayanagar,29.5,84,Light Rain,18.9,11.1,8.9
2026-05-26T08:00:00,Whitefield,33.9,63,Heavy Rain,7.8,13.9,2.6
2026-05-26T09:00:00,Indiranagar,23.2,73,Light Rain,33.2,8.2,12.6
2026-05-26T10:00:00,Koramangala,30.1,77,Light Rain,31.2,3.1,12.2
2026-05-26T11:00:00,Indiranagar,25.0,91,Light Rain,4.7,9.7,11.9
2026-05-26T12:00:00,Jayanagar,35.2,41,Clear,30.3,0.0,13.8
2026-05-26T13:00:00,Yelahanka,24.5,76,Cloudy,32.4,0.0,13.1
2026-05-26T14:00:00,Indiranagar,30.7,57,Clear,27.2,0.0,14.5
2026-05-26T15:00:00,Yelahanka,28.7,74,Clear,33.1,0.0,11.5
2026-05-26T16:00:00,Yelahanka,22.1,74,Cloudy,27.5,0.0,11.4
2026-05-26T17:00:00,Banashankari,29.0,42,Cloudy,20.4,0.0,12.0
2026-05-26T18:00:00,HSR Layout,26.5,66,Clear,7.2,0.0,9.4
2026-05-26T19:00:00,Marathahalli,37.0,73,Heavy Rain,22.9,5.7,6.1
2026-05-26T20:00:00,Koramangala,33.0,89,Light Rain,24.7,7.1,14.2
2026-05-26T21:00:00,Banashankari,19.6,71,Foggy,10.4,0.0,3.2
2026-05-26T22:00:00,HSR Layout,33.8,80,Clear,21.2,0.0,8.3
2026-05-26T23:00:00,Electronic City,26.4,74,Light Rain,27.6,12.2,13.8
2026-05-27T00:00:00,Whitefield,29.4,78,Heavy Rain,13.1,9.3,4.9
2026-05-27T01:00:00,Yelahanka,25.0,83,Cloudy,33.3,0.0,9.9
2026-05-27T02:00:00,Whitefield,32.4,74,Foggy,31.3,0.0,9.7
2026-05-27T03:00:00,Marathahalli,22.9,69,Light Rain,31.2,2.8,13.3
2026-05-27T04:00:00,Jayanagar,22.0,56,Cloudy,16.7,0.0,11.5
2026-05-27T05:00:00,Indiranagar,20.1,70,Cloudy,29.5,0.0,12.2
2026-05-27T06:00:00,Jayanagar,34.9,85,Clear,23.8,0.0,10.7
2026-05-27T07:00:00,Yelahanka,32.7,77,Clear,24.9,0.0,13.6
2026-05-27T08:00:00,Marathahalli,29.5,43,Cloudy,14.7,0.0,8.7
2026-05-27T09:00:00,Koramangala,37.0,50,Light Rain,29.3,5.1,13.9
2026-05-27T10:00:00,Banashankari,28.7,64,Foggy,19.2,0.0,8.8
2026-05-27T11:00:00,HSR Layout,24.8,88,Light Rain,28.5,5.4,12.2
2026-05-27T12:00:00,Electronic City,26.6,67,Clear,26.3,0.0,11.7
2026-05-27T13:00:00,Electronic City,30.5,84,Heavy Rain,15.0,11.4,6.3
2026-05-27T14:00:00,BTM Layout,26.5,68,Heavy Rain,16.6,7.8,3.0
2026-05-27T15:00:00,Whitefield,34.7,78,Light Rain,2.4,0.5,11.6
2026-05-27T16:00:00,BTM Layout,37.1,54,Light Rain,3.6,6.4,14.8
2026-05-27T17:00:00,Koramangala,29.4,57,Cloudy,28.7,0.0,9.8
2026-05-27T18:00:00,Whitefield,26.8,40,Light Rain,24.5,0.8,10.4
2026-05-27T19:00:00,Koramangala,23.8,83,Thunderstorm,8.8,12.2,9.6
2026-05-27T20:00:00,Electronic City,35.8,54,Heavy Rain,34.4,7.0,3.1
2026-05-27T21:00:00,BTM Layout,30.2,79,Foggy,25.0,0.0,2.8
2026-05-27T22:00:00,Yelahanka,24.7,87,Clear,27.2,0.0,10.7
2026-05-27T23:00:00,Indiranagar,32.2,43,Clear,26.6,0.0,13.9
2026-05-28T00:00:00,HSR Layout,25.1,50,Clear,4.8,0.0,11.1
2026-05-28T01:00:00,Yelahanka,32.6,80,Foggy,17.5,0.0,6.1
2026-05-28T02:00:00,Yelahanka,23.5,49,Drizzle,14.3,0.0,10.0
2026-05-28T03:00:00,Koramangala,31.0,45,Clear,15.8,0.0,14.1
2026-05-28T04:00:00,HSR Layout,26.5,65,Clear,12.0,0.0,8.6
2026-05-28T05:00:00,Yelahanka,27.7,58,Light Rain,28.7,6.6,9.8
2026-05-28T06:00:00,Yelahanka,36.6,92,Cloudy,30.6,0.0,11.2
2026-05-28T07:00:00,Marathahalli,37.3,90,Heavy Rain,5.4,2.9,2.9
2026-05-28T08:00:00,Electronic City,30.4,87,Cloudy,27.2,0.0,11.3
2026-05-28T09:00:00,Whitefield,26.3,90,Light Rain,16.3,5.6,13.1
2026-05-28T10:00:00,Yelahanka,34.8,91,Cloudy,23.0,0.0,13.3
2026-05-28T11:00:00,Marathahalli,37.9,70,Drizzle,29.6,0.0,10.0
2026-05-28T12:00:00,BTM Layout,23.8,93,Light Rain,28.1,2.8,9.8
2026-05-28T13:00:00,BTM Layout,31.5,52,Clear,24.7,0.0,13.7
2026-05-28T14:00:00,Yelahanka,22.4,44,Clear,8.3,0.0,11.1
2026-05-28T15:00:00,Indiranagar,32.9,86,Clear,13.7,0.0,14.6
2026-05-28T16:00:00,HSR Layout,35.3,68,Clear,24.6,0.0,11.2
2026-05-28T17:00:00,Koramangala,26.3,46,Clear,25.1,0.0,14.4
2026-05-28T18:00:00,Yelahanka,30.5,66,Clear,15.0,0.0,9.4
2026-05-28T19:00:00,Whitefield,27.9,88,Foggy,34.0,0.0,5.2
2026-05-28T20:00:00,HSR Layout,36.2,69,Cloudy,27.0,0.0,14.6
2026-05-28T21:00:00,Yelahanka,23.6,93,Clear,6.9,0.0,13.6
2026-05-28T22:00:00,Banashankari,28.2,77,Light Rain,19.1,6.9,13.0
2026-05-28T23:00:00,Indiranagar,29.9,65,Heavy Rain,32.2,14.6,7.5
2026-05-29T00:00:00,Banashankari,22.3,77,Light Rain,8.2,13.9,12.7
2026-05-29T01:00:00,Whitefield,25.2,85,Clear,27.7,0.0,14.0
2026-05-29T02:00:00,BTM Layout,28.3,78,Clear,30.1,0.0,11.4
2026-05-29T03:00:00,Yelahanka,34.2,80,Clear,2.5,0.0,12.6
2026-05-29T04:00:00,Banashankari,27.2,55,Foggy,25.1,0.0,6.2
2026-05-29T05:00:00,Koramangala,20.7,88,Clear,31.0,0.0,10.0
2026-05-29T06:00:00,Yelahanka,33.9,45,Light Rain,28.1,2.2,14.8
2026-05-29T07:00:00,Jayanagar,26.2,65,Cloudy,30.9,0.0,14.5
2026-05-29T08:00:00,Jayanagar,33.1,52,Heavy Rain,29.7,2.2,7.2
2026-05-29T09:00:00,Marathahalli,22.4,59,Light Rain,17.4,7.8,11.6
2026-05-29T10:00:00,Electronic City,30.0,75,Thunderstorm,29.2,11.3,9.2
2026-05-29T11:00:00,Banashankari,27.3,70,Clear,2.2,0.0,8.9
2026-05-29T12:00:00,Banashankari,33.8,54,Cloudy,34.9,0.0,12.6
2026-05-29T13:00:00,Indiranagar,37.5,95,Clear,25.4,0.0,9.3
2026-05-29T14:00:00,Yelahanka,32.6,43,Heavy Rain,10.1,10.8,8.9
2026-05-29T15:00:00,HSR Layout,32.6,78,Clear,20.2,0.0,10.1
2026-05-29T16:00:00,Koramangala,34.5,90,Light Rain,22.0,6.3,11.4
2026-05-29T17:00:00,Yelahanka,33.0,61,Clear,17.4,0.0,13.9
2026-05-29T18:00:00,Indiranagar,24.8,49,Clear,6.5,0.0,13.8
2026-05-29T19:00:00,Marathahalli,34.7,83,Cloudy,32.7,0.0,10.3
2026-05-29T20:00:00,Koramangala,24.8,51,Clear,18.4,0.0,8.2
2026-05-29T21:00:00,HSR Layout,29.3,84,Clear,27.8,0.0,13.1
2026-05-29T22:00:00,Whitefield,26.4,41,Clear,19.7,0.0,8.1
2026-05-29T23:00:00,Jayanagar,23.4,49,Light Rain,9.6,14.3,10.5
2026-05-30T00:00:00,Marathahalli,19.6,80,Light Rain,7.8,15.0,13.3
2026-05-30T01:00:00,Koramangala,30.0,86,Cloudy,23.7,0.0,13.6
2026-05-30T02:00:00,Electronic City,23.3,90,Heavy Rain,6.0,0.6,5.1
2026-05-30T03:00:00,Indiranagar,19.0,63,Cloudy,28.7,0.0,8.4
2026-05-30T04:00:00,Indiranagar,28.3,66,Clear,28.7,0.0,14.2
2026-05-30T05:00:00,Electronic City,34.6,63,Thunderstorm,34.0,1.9,3.1
2026-05-30T06:00:00,HSR Layout,26.6,54,Light Rain,30.7,11.2,12.0
2026-05-30T07:00:00,Koramangala,23.2,48,Clear,8.4,0.0,13.2
2026-05-30T08:00:00,Indiranagar,25.5,76,Light Rain,6.5,10.8,10.2
2026-05-30T09:00:00,Yelahanka,36.3,58,Drizzle,18.3,0.0,10.2
2026-05-30T10:00:00,HSR Layout,24.2,85,Clear,32.9,0.0,12.3
2026-05-30T11:00:00,Jayanagar,35.6,43,Light Rain,4.8,12.3,12.1
2026-05-30T12:00:00,Whitefield,32.9,45,Clear,22.2,0.0,11.5
2026-05-30T13:00:00,Electronic City,38.0,90,Clear,30.5,0.0,14.5
2026-05-30T14:00:00,Yelahanka,23.4,58,Foggy,30.5,0.0,7.1
2026-05-30T15:00:00,Indiranagar,33.4,79,Light Rain,24.7,1.8,14.0
2026-05-30T16:00:00,BTM Layout,37.1,90,Cloudy,4.9,0.0,10.8
2026-05-30T17:00:00,Koramangala,32.6,78,Thunderstorm,26.7,12.6,2.8
2026-05-30T18:00:00,Marathahalli,26.4,53,Heavy Rain,28.9,10.4,10.0
2026-05-30T19:00:00,Indiranagar,32.7,47,Foggy,2.0,0.0,9.4
2026-05-30T20:00:00,Electronic City,32.8,92,Light Rain,6.5,0.4,9.8
2026-05-30T21:00:00,Marathahalli,25.1,49,Light Rain,3.0,0.4,11.8
2026-05-30T22:00:00,HSR Layout,30.3,52,Cloudy,14.1,0.0,12.5
2026-05-30T23:00:00,Banashankari,34.6,79,Cloudy,14.3,0.0,12.5
